{
  "generated_utc": "2026-02-16T04:30:31.437714+00:00",
  "suite_started_at_utc": "2026-02-16T04:30:30.546858+00:00",
  "suite_finished_at_utc": "2026-02-16T04:30:31.437705+00:00",
  "suite_duration_sec": 0.891,
  "effective_success": true,
  "achieved_steps": 20,
  "achievement_gate_met": true,
  "counts": {
    "pass": 20,
    "warn": 0,
    "timeout": 0,
    "fail": 0
  },
  "config": {
    "step_timeout_sec": 0,
    "profile": "quick",
    "profile_source": "--profile",
    "include_version_scan": false,
    "include_skill_install": false,
    "include_curated_skill_catalog": false,
    "soft_fail_network": false,
    "fail_on_warn": false,
    "achievement_target_steps": 0,
    "quick_mode": true,
    "body_benchmark_mode": "enforce",
    "include_body_benchmark": true
  },
  "results": [
    {
      "label": "memory integrity check (strict)",
      "status": "PASS",
      "ok": true,
      "effective_success": true,
      "timed_out": false,
      "started_at_utc": "2026-02-16T04:30:30.546903+00:00",
      "finished_at_utc": "2026-02-16T04:30:30.571813+00:00",
      "duration_sec": 0.025,
      "command": "python3 scripts/aurelis_memory_integrity_check.py --strict"
    },
    {
      "label": "continuity cycle tick (dry-run status)",
      "status": "PASS",
      "ok": true,
      "effective_success": true,
      "timed_out": false,
      "started_at_utc": "2026-02-16T04:30:30.571839+00:00",
      "finished_at_utc": "2026-02-16T04:30:30.600437+00:00",
      "duration_sec": 0.029,
      "command": "python3 scripts/aurelis_cycle_tick.py --user-message 'suite quick dry-run' --assistant-reflection 'Quick mode continuity health check' --progress-snapshot 'Validated quick dry-run status reporting in suite' --next-step 'Run full suite when deeper validation is needed' --query cycle --query-limit 2 --dry-run --no-report --step-timeout-sec 0 --json-status docs/aurelis-cycle-tick-status.json"
    },
    {
      "label": "qcit coordination engine",
      "status": "PASS",
      "ok": true,
      "effective_success": true,
      "timed_out": false,
      "started_at_utc": "2026-02-16T04:30:30.600470+00:00",
      "finished_at_utc": "2026-02-16T04:30:30.634152+00:00",
      "duration_sec": 0.034,
      "command": "python3 scripts/qcit_coordination_engine.py --out docs/qcit-coordination-report.json"
    },
    {
      "label": "quantum energy transmutation engine",
      "status": "PASS",
      "ok": true,
      "effective_success": true,
      "timed_out": false,
      "started_at_utc": "2026-02-16T04:30:30.634176+00:00",
      "finished_at_utc": "2026-02-16T04:30:30.665789+00:00",
      "duration_sec": 0.032,
      "command": "python3 scripts/quantum_energy_transmutation_engine.py --out docs/quantum-energy-transmutation-report.json"
    },
    {
      "label": "qcit/quantum report validation",
      "status": "PASS",
      "ok": true,
      "effective_success": true,
      "timed_out": false,
      "started_at_utc": "2026-02-16T04:30:30.665817+00:00",
      "finished_at_utc": "2026-02-16T04:30:30.688441+00:00",
      "duration_sec": 0.023,
      "command": "python3 scripts/validate_transmutation_reports.py --qcit docs/qcit-coordination-report.json --quantum docs/quantum-energy-transmutation-report.json"
    },
    {
      "label": "minimum-disclosure verifier (GOV-002)",
      "status": "PASS",
      "ok": true,
      "effective_success": true,
      "timed_out": false,
      "started_at_utc": "2026-02-16T04:30:30.688468+00:00",
      "finished_at_utc": "2026-02-16T04:30:30.723535+00:00",
      "duration_sec": 0.035,
      "command": "python3 freed_id_minimum_disclosure_verifier.py"
    },
    {
      "label": "minimum-disclosure live-path verifier (GOV-002)",
      "status": "PASS",
      "ok": true,
      "effective_success": true,
      "timed_out": false,
      "started_at_utc": "2026-02-16T04:30:30.723558+00:00",
      "finished_at_utc": "2026-02-16T04:30:30.763065+00:00",
      "duration_sec": 0.04,
      "command": "python3 freed_id_minimum_disclosure_live_path_verifier.py"
    },
    {
      "label": "minimum-disclosure adversarial verifier (GOV-002)",
      "status": "PASS",
      "ok": true,
      "effective_success": true,
      "timed_out": false,
      "started_at_utc": "2026-02-16T04:30:30.763088+00:00",
      "finished_at_utc": "2026-02-16T04:30:30.798230+00:00",
      "duration_sec": 0.035,
      "command": "python3 freed_id_minimum_disclosure_adversarial_verifier.py"
    },
    {
      "label": "token/credit zip converter",
      "status": "PASS",
      "ok": true,
      "effective_success": true,
      "timed_out": false,
      "started_at_utc": "2026-02-16T04:30:30.798264+00:00",
      "finished_at_utc": "2026-02-16T04:30:30.864541+00:00",
      "duration_sec": 0.066,
      "command": "python3 scripts/trinity_token_credit_zip_converter.py --use-reserve-first --regeneration-multiplier 3.0 --target-reimbursement-ratio 1.0 --zip-snapshot --zip-label token-credit-suite --out docs/token-credit-bank-report.json --ledger docs/token-credit-bank-ledger.jsonl"
    },
    {
      "label": "cache/waste regenerator",
      "status": "PASS",
      "ok": true,
      "effective_success": true,
      "timed_out": false,
      "started_at_utc": "2026-02-16T04:30:30.864573+00:00",
      "finished_at_utc": "2026-02-16T04:30:30.897580+00:00",
      "duration_sec": 0.033,
      "command": "python3 scripts/cache_waste_regenerator.py --out docs/cache-waste-regenerator-report.json --purge --prune-empty-dirs"
    },
    {
      "label": "cache/waste report validation",
      "status": "PASS",
      "ok": true,
      "effective_success": true,
      "timed_out": false,
      "started_at_utc": "2026-02-16T04:30:30.897604+00:00",
      "finished_at_utc": "2026-02-16T04:30:30.920356+00:00",
      "duration_sec": 0.023,
      "command": "python3 scripts/validate_cache_waste_report.py --cache docs/cache-waste-regenerator-report.json"
    },
    {
      "label": "energy bank system",
      "status": "PASS",
      "ok": true,
      "effective_success": true,
      "timed_out": false,
      "started_at_utc": "2026-02-16T04:30:30.920390+00:00",
      "finished_at_utc": "2026-02-16T04:30:30.944874+00:00",
      "duration_sec": 0.024,
      "command": "python3 scripts/trinity_energy_bank_system.py --token-report docs/token-credit-bank-report.json --cache-report docs/cache-waste-regenerator-report.json --reserve-growth 1.0 --reserve-cap-multiplier 10.0 --auto-max-cap --cap-ceiling 100.0 --out docs/energy-bank-report.json --state docs/energy-bank-state.json"
    },
    {
      "label": "token/energy report validation",
      "status": "PASS",
      "ok": true,
      "effective_success": true,
      "timed_out": false,
      "started_at_utc": "2026-02-16T04:30:30.944902+00:00",
      "finished_at_utc": "2026-02-16T04:30:30.968721+00:00",
      "duration_sec": 0.024,
      "command": "python3 scripts/validate_token_energy_reports.py --token docs/token-credit-bank-report.json --energy docs/energy-bank-report.json"
    },
    {
      "label": "gyroscopic hybrid zip converter",
      "status": "PASS",
      "ok": true,
      "effective_success": true,
      "timed_out": false,
      "started_at_utc": "2026-02-16T04:30:30.968746+00:00",
      "finished_at_utc": "2026-02-16T04:30:31.008617+00:00",
      "duration_sec": 0.04,
      "command": "python3 scripts/gyroscopic_hybrid_zip_converter_generator.py --label gyroscopic-suite-cycle --out docs/gyroscopic-hybrid-zip-report.json"
    },
    {
      "label": "body benchmark guardrail check (enforce)",
      "status": "PASS",
      "ok": true,
      "effective_success": true,
      "timed_out": false,
      "started_at_utc": "2026-02-16T04:30:31.008642+00:00",
      "finished_at_utc": "2026-02-16T04:30:31.178074+00:00",
      "duration_sec": 0.169,
      "command": "python3 body_track_runner.py --gammas 0.0 0.01 0.05 --fail-on-benchmark"
    },
    {
      "label": "body benchmark trend guard (enforce)",
      "status": "PASS",
      "ok": true,
      "effective_success": true,
      "timed_out": false,
      "started_at_utc": "2026-02-16T04:30:31.178104+00:00",
      "finished_at_utc": "2026-02-16T04:30:31.207635+00:00",
      "duration_sec": 0.03,
      "command": "python3 scripts/body_benchmark_trend_guard.py --fail-on-warn"
    },
    {
      "label": "gmut comparator metrics",
      "status": "PASS",
      "ok": true,
      "effective_success": true,
      "timed_out": false,
      "started_at_utc": "2026-02-16T04:30:31.207660+00:00",
      "finished_at_utc": "2026-02-16T04:30:31.233904+00:00",
      "duration_sec": 0.026,
      "command": "python3 scripts/gmut_comparator_metrics.py"
    },
    {
      "label": "gmut external-anchor exclusion note",
      "status": "PASS",
      "ok": true,
      "effective_success": true,
      "timed_out": false,
      "started_at_utc": "2026-02-16T04:30:31.233927+00:00",
      "finished_at_utc": "2026-02-16T04:30:31.260056+00:00",
      "duration_sec": 0.026,
      "command": "python3 scripts/gmut_external_anchor_exclusion_note.py"
    },
    {
      "label": "zip memory/data snapshot",
      "status": "PASS",
      "ok": true,
      "effective_success": true,
      "timed_out": false,
      "started_at_utc": "2026-02-16T04:30:31.260079+00:00",
      "finished_at_utc": "2026-02-16T04:30:31.298582+00:00",
      "duration_sec": 0.039,
      "command": "python3 scripts/trinity_zip_memory_converter.py archive --label suite-quick"
    },
    {
      "label": "v33 structural OCR validation snapshot",
      "status": "PASS",
      "ok": true,
      "effective_success": true,
      "timed_out": false,
      "started_at_utc": "2026-02-16T04:30:31.298607+00:00",
      "finished_at_utc": "2026-02-16T04:30:31.437663+00:00",
      "duration_sec": 0.139,
      "command": "bash -lc 'strings -n 8 '\"'\"'Beyonder-Real-True Journey v33 (Arielis) (2).pdf'\"'\"' | rg -n '\"'\"'Core Modules|Orchestrator|DID Method|Quantum|Freed|GMUT|Cosmic Bill'\"'\"' | head -n 20'"
    }
  ]
}
