{
  "generated_utc": "2026-02-16T05:24:06.928896+00:00",
  "engine": "trinity-token-credit-zip-converter",
  "inputs": {
    "tokens_used": 12000,
    "credits_used": 12.0,
    "tokens_per_credit": 1000,
    "coordination_score": 0.82915,
    "net_usable_energy": 89.6975,
    "use_reserve_first": true,
    "reserve_state": "docs/energy-bank-state.json",
    "regeneration_multiplier": 3.0,
    "target_reimbursement_ratio": 1.0
  },
  "outputs": {
    "reserve_tokens_available": 8057.669563,
    "reserve_credits_available": 63.938894,
    "reserve_energy_available": 879.015283,
    "reserve_tokens_consumed": 8057.669563,
    "reserve_credits_consumed": 12.0,
    "reserve_energy_consumed": 8.05767,
    "remaining_tokens_demand": 3942.330437,
    "remaining_credits_demand": 0.0,
    "tokens_regenerated": 17240.886858,
    "topup_tokens_for_target_ratio": 0.0,
    "credits_regenerated": 17.240887,
    "total_tokens_covered": 25298.556421,
    "total_credits_covered": 29.240887,
    "token_delta": 13298.556421,
    "credit_delta": 17.240887,
    "reimbursement_ratio": 2.108213,
    "status": "surplus"
  }
}
