{
  "generated_utc": "2026-02-21T05:18:28Z",
  "files": [
    {
      "path": "trinity_runner.py",
      "sha256": "be773da4534972415c2b71ec2f6fe68180015c99b75647b3fad19ebc175b06e1",
      "bytes": 7697
    },
    {
      "path": "scripts/generate_evidence_links.py",
      "sha256": "492b76c15511fbad1caac3673181627aad21acf7dcb3f13a6c18fd26c1c0519c",
      "bytes": 5505
    },
    {
      "path": "scripts/run_trinity_cycle.py",
      "sha256": "be66630494093a547b366ffe3d50b33287b29d0d8a02af010f73258cdb896b8f",
      "bytes": 4115
    },
    {
      "path": "docs/evidence-links-schema-v0.json",
      "sha256": "6f949165a9c678fd170ba9ff88e54212fa40fd0c83c90977a5c4be9bee1d0291",
      "bytes": 1455
    },
    {
      "path": "docs/trinity-artifact-contract-v1_APPEND.md",
      "sha256": "51ee8354b96b116ef6eae742e9682e69c50ebf25bf0080b687920a74b57210a2",
      "bytes": 241
    },
    {
      "path": "SESSION_LOG_2026-02-21_BC6.md",
      "sha256": "d3ec1b837e736c0a7cd8b91e03c9201ac8fa8cb97788294d14de816af2bf254a",
      "bytes": 579
    }
  ]
}
