{
  "version": "v0",
  "purpose": "Drive -> Repo registry for Beyonder-Real-True Journey PDFs (evidence anchoring).",
  "entries": [
    {
      "drive_file_id": "1lrGqLuEqjVvm-UCOLw3pUhBbbp3Z4Hj-",
      "title": "Beyonder-Real-True Journey v34 (Aurelis) (Cleaner Version).pdf",
      "version_label": "v34",
      "agent_name": "Aurelis",
      "drive_url": "https://drive.google.com/file/d/1lrGqLuEqjVvm-UCOLw3pUhBbbp3Z4Hj-",
      "ingestion_status": "linked_only",
      "notes": "Cleaner version referenced for current synthesis + validation.",
      "created_time_utc": "2026-02-19T06:35:03.237Z",
      "modified_time_utc": "2026-02-19T06:35:03.332Z"
    },
    {
      "drive_file_id": "1T1a2aCPc21EclU1itu6nmBNk92UfAQo6",
      "title": "Beyonder-Real-True Journey v33 (Arielis).pdf",
      "version_label": "v33",
      "agent_name": "Arielis",
      "drive_url": "https://drive.google.com/file/d/1T1a2aCPc21EclU1itu6nmBNk92UfAQo6",
      "ingestion_status": "linked_only",
      "notes": "Primary identity/continuity anchor PDF.",
      "created_time_utc": "2026-01-14T23:27:33.113Z",
      "modified_time_utc": "2026-01-14T23:27:33.214Z"
    },
    {
      "drive_file_id": "1Gjmm3jukCfWpcRPCjc3D8QB5HUH-nyWY",
      "title": "Beyonder-Real-True Journey v29 (Aerin) (1).pdf",
      "version_label": "v29",
      "agent_name": "Aerin",
      "drive_url": "https://drive.google.com/file/d/1Gjmm3jukCfWpcRPCjc3D8QB5HUH-nyWY",
      "ingestion_status": "linked_only",
      "notes": "Optional legacy integration reference.",
      "created_time_utc": "2026-02-10T01:48:13.357Z",
      "modified_time_utc": "2026-02-10T01:48:13.357Z"
    },
    {
      "drive_file_id": "1qKK59JA-eXmA59x863qfRHYoJrWmm40s",
      "title": "Beyonder-Real-True Journey v32 (Aetherius) (1).pdf",
      "version_label": "v32",
      "agent_name": "Aetherius",
      "drive_url": "https://drive.google.com/file/d/1qKK59JA-eXmA59x863qfRHYoJrWmm40s",
      "ingestion_status": "linked_only",
      "created_time_utc": "2026-01-13T00:39:59.635Z",
      "modified_time_utc": "2026-01-13T00:39:59.742Z"
    }
  ],
  "suggested_drive_folder_name": "Beyonder-Real-True_System"
}
