{
  "generated_utc": "2026-02-21T06:38:50Z",
  "files": [
    {
      "path": "scripts/patch_ledger_local.py",
      "sha256": "19bac25788b4e73bac0aebc35bc8184cdfa7dadcece6a7eff863ca9a38399b3f",
      "bytes": 3566
    },
    {
      "path": "scripts/verify_patch_manifest.py",
      "sha256": "4b9628d9aa80bbcb3897cfd00965435c14089d705c198ca0f8c8d9febe21700d",
      "bytes": 2187
    },
    {
      "path": "docs/DRIVE_PATCH_VISIBILITY_TROUBLESHOOTING_v1.md",
      "sha256": "372ab66c65fce1860743b2d3e49c1d29c6b0c976783bfbd8a92c90e4315dd41f",
      "bytes": 1159
    },
    {
      "path": "docs/PATCH_ARCHIVE_PROTOCOL_v1.md",
      "sha256": "551207a8dfc350e58eb85394092138ba458b4642a8e82574bda11354744c18b9",
      "bytes": 770
    },
    {
      "path": "SESSION_LOG_2026-02-21_BC11.md",
      "sha256": "04682c765317ea7e023fd38b6673d0147e2ec5b45505c2305bab24b09929e0d5",
      "bytes": 312
    }
  ]
}
