{
  "$schema": "https://json-schema.org/draft/2020-12/schema",
  "title": "Mind Track Smoke Artifact Schema v1",
  "type": "object",
  "required": [
    "generated_utc",
    "overall_status",
    "summary",
    "steps"
  ],
  "properties": {
    "generated_utc": {
      "type": "string"
    },
    "overall_status": {
      "type": "string",
      "enum": [
        "PASS",
        "FAIL"
      ]
    },
    "summary": {
      "type": "object"
    },
    "steps": {
      "type": "array"
    }
  }
}
