{
  "$schema": "https://json-schema.org/draft/2020-12/schema",
  "title": "Trinity Run Artifact Schema v1",
  "type": "object",
  "required": [
    "generated_utc",
    "overall_status",
    "lanes"
  ],
  "properties": {
    "generated_utc": {
      "type": "string"
    },
    "overall_status": {
      "type": "string",
      "enum": [
        "PASS",
        "FAIL",
        "WARN"
      ]
    },
    "lanes": {
      "type": "array",
      "items": {
        "type": "object",
        "required": [
          "lane",
          "command",
          "returncode",
          "duration_seconds",
          "status"
        ],
        "properties": {
          "lane": {
            "type": "string"
          },
          "command": {
            "type": "array",
            "items": {
              "type": "string"
            }
          },
          "returncode": {
            "type": "integer"
          },
          "duration_seconds": {
            "type": "number"
          },
          "status": {
            "type": "string",
            "enum": [
              "PASS",
              "FAIL",
              "WARN",
              "SKIP",
              "UNKNOWN"
            ]
          },
          "latest_json": {
            "type": [
              "string",
              "null"
            ]
          },
          "latest_md": {
            "type": [
              "string",
              "null"
            ]
          }
        }
      }
    }
  }
}
