{
  "generated_utc": "2026-02-16T03:50:33.833437+00:00",
  "engine": "trinity-energy-bank-system",
  "inputs": {
    "reserve_growth": 1.0,
    "reserve_cap_multiplier": 15.60609,
    "auto_max_cap": true,
    "cap_ceiling": 100.0,
    "projection_sessions": 10,
    "regenerated_tokens": 6727.3125,
    "regenerated_credits": 6.727313,
    "net_usable_energy": 89.6975,
    "cache_reclaimed_tokens": 439.02,
    "cache_reclaimed_credits": 0.43902,
    "cache_reclaimed_energy_units": 0.43902,
    "reserve_tokens_consumed": 12000.0,
    "reserve_credits_consumed": 12.0,
    "reserve_energy_consumed": 12.0
  },
  "outputs": {
    "post_spend_tokens": 2846.266833,
    "post_spend_credits": 60.714891,
    "post_spend_energy_units": 630.193402,
    "reserve_cap_tokens": 496607.387825,
    "reserve_cap_credits": 3065.821579,
    "reserve_cap_energy_units": 10022.128029,
    "reserve_tokens": 10012.599333,
    "reserve_credits": 67.881224,
    "reserve_energy_units": 720.329922,
    "projected_sessions": [
      {
        "session": 1,
        "planned_tokens": 10200,
        "planned_credits": 10.2,
        "token_coverage_ratio": 0.981627,
        "covered_tokens": 10012.599333,
        "covered_credits": 10.2,
        "uncovered_tokens": 187.400667,
        "uncovered_credits": 0.0,
        "token_surplus_after_session": 0.0,
        "credit_surplus_after_session": 57.681224
      },
      {
        "session": 2,
        "planned_tokens": 11400,
        "planned_credits": 11.4,
        "token_coverage_ratio": 0.0,
        "covered_tokens": 0.0,
        "covered_credits": 11.4,
        "uncovered_tokens": 11400.0,
        "uncovered_credits": 0.0,
        "token_surplus_after_session": 0.0,
        "credit_surplus_after_session": 46.281224
      },
      {
        "session": 3,
        "planned_tokens": 12600,
        "planned_credits": 12.6,
        "token_coverage_ratio": 0.0,
        "covered_tokens": 0.0,
        "covered_credits": 12.6,
        "uncovered_tokens": 12600.0,
        "uncovered_credits": 0.0,
        "token_surplus_after_session": 0.0,
        "credit_surplus_after_session": 33.681224
      },
      {
        "session": 4,
        "planned_tokens": 13800,
        "planned_credits": 13.8,
        "token_coverage_ratio": 0.0,
        "covered_tokens": 0.0,
        "covered_credits": 13.8,
        "uncovered_tokens": 13800.0,
        "uncovered_credits": 0.0,
        "token_surplus_after_session": 0.0,
        "credit_surplus_after_session": 19.881224
      },
      {
        "session": 5,
        "planned_tokens": 15000,
        "planned_credits": 15.0,
        "token_coverage_ratio": 0.0,
        "covered_tokens": 0.0,
        "covered_credits": 15.0,
        "uncovered_tokens": 15000.0,
        "uncovered_credits": 0.0,
        "token_surplus_after_session": 0.0,
        "credit_surplus_after_session": 4.881224
      },
      {
        "session": 6,
        "planned_tokens": 16200,
        "planned_credits": 16.2,
        "token_coverage_ratio": 0.0,
        "covered_tokens": 0.0,
        "covered_credits": 4.881224,
        "uncovered_tokens": 16200.0,
        "uncovered_credits": 11.318776,
        "token_surplus_after_session": 0.0,
        "credit_surplus_after_session": 0.0
      },
      {
        "session": 7,
        "planned_tokens": 17400,
        "planned_credits": 17.4,
        "token_coverage_ratio": 0.0,
        "covered_tokens": 0.0,
        "covered_credits": 0.0,
        "uncovered_tokens": 17400.0,
        "uncovered_credits": 17.4,
        "token_surplus_after_session": 0.0,
        "credit_surplus_after_session": 0.0
      },
      {
        "session": 8,
        "planned_tokens": 18600,
        "planned_credits": 18.6,
        "token_coverage_ratio": 0.0,
        "covered_tokens": 0.0,
        "covered_credits": 0.0,
        "uncovered_tokens": 18600.0,
        "uncovered_credits": 18.6,
        "token_surplus_after_session": 0.0,
        "credit_surplus_after_session": 0.0
      },
      {
        "session": 9,
        "planned_tokens": 19800,
        "planned_credits": 19.8,
        "token_coverage_ratio": 0.0,
        "covered_tokens": 0.0,
        "covered_credits": 0.0,
        "uncovered_tokens": 19800.0,
        "uncovered_credits": 19.8,
        "token_surplus_after_session": 0.0,
        "credit_surplus_after_session": 0.0
      },
      {
        "session": 10,
        "planned_tokens": 21000,
        "planned_credits": 21.0,
        "token_coverage_ratio": 0.0,
        "covered_tokens": 0.0,
        "covered_credits": 0.0,
        "uncovered_tokens": 21000.0,
        "uncovered_credits": 21.0,
        "token_surplus_after_session": 0.0,
        "credit_surplus_after_session": 0.0
      }
    ],
    "projection_summary": {
      "sessions": 10,
      "planned_tokens": 156000.0,
      "covered_tokens": 10012.599333,
      "uncovered_tokens": 145987.400667,
      "planned_credits": 156.0,
      "covered_credits": 67.881224,
      "uncovered_credits": 88.118776
    }
  }
}
