{
  "$schema": "https://json-schema.org/draft/2020-12/schema",
  "title": "EvidenceLinksLatest",
  "type": "object",
  "required": [
    "generated_utc",
    "entries"
  ],
  "properties": {
    "generated_utc": {
      "type": "string"
    },
    "entries": {
      "type": "array",
      "items": {
        "type": "object",
        "required": [
          "id",
          "kind",
          "title",
          "anchors"
        ],
        "properties": {
          "id": {
            "type": "string"
          },
          "kind": {
            "type": "string",
            "enum": [
              "claim",
              "control",
              "principle",
              "note"
            ]
          },
          "title": {
            "type": "string"
          },
          "anchors": {
            "type": "array",
            "items": {
              "type": "object",
              "required": [
                "type",
                "ref"
              ],
              "properties": {
                "type": {
                  "type": "string",
                  "enum": [
                    "pdf",
                    "runner_output",
                    "doc"
                  ]
                },
                "ref": {
                  "type": "string"
                },
                "details": {
                  "type": "string"
                }
              }
            }
          }
        }
      }
    }
  }
}
