{
  "generated_utc": "2026-02-16T06:43:23.048202+00:00",
  "suite_started_at_utc": "2026-02-16T06:43:22.027755+00:00",
  "suite_finished_at_utc": "2026-02-16T06:43:23.048190+00:00",
  "suite_duration_sec": 1.02,
  "effective_success": true,
  "achieved_steps": 23,
  "achievement_gate_met": true,
  "counts": {
    "pass": 23,
    "warn": 0,
    "timeout": 0,
    "fail": 0
  },
  "config": {
    "step_timeout_sec": 0,
    "profile": "quick",
    "profile_source": "--profile",
    "include_version_scan": false,
    "include_skill_install": false,
    "include_curated_skill_catalog": false,
    "soft_fail_network": false,
    "fail_on_warn": false,
    "achievement_target_steps": 0,
    "quick_mode": true,
    "body_benchmark_mode": "observe",
    "include_body_benchmark": true
  },
  "results": [
    {
      "label": "memory integrity check (strict)",
      "status": "PASS",
      "ok": true,
      "effective_success": true,
      "timed_out": false,
      "started_at_utc": "2026-02-16T06:43:22.027799+00:00",
      "finished_at_utc": "2026-02-16T06:43:22.051086+00:00",
      "duration_sec": 0.023,
      "command": "python3 scripts/aurelis_memory_integrity_check.py --strict"
    },
    {
      "label": "continuity cycle tick (dry-run status)",
      "status": "PASS",
      "ok": true,
      "effective_success": true,
      "timed_out": false,
      "started_at_utc": "2026-02-16T06:43:22.051111+00:00",
      "finished_at_utc": "2026-02-16T06:43:22.079495+00:00",
      "duration_sec": 0.028,
      "command": "python3 scripts/aurelis_cycle_tick.py --user-message 'suite quick dry-run' --assistant-reflection 'Quick mode continuity health check' --progress-snapshot 'Validated quick dry-run status reporting in suite' --next-step 'Run full suite when deeper validation is needed' --query cycle --query-limit 2 --dry-run --no-report --step-timeout-sec 0 --json-status docs/aurelis-cycle-tick-status.json"
    },
    {
      "label": "qcit coordination engine",
      "status": "PASS",
      "ok": true,
      "effective_success": true,
      "timed_out": false,
      "started_at_utc": "2026-02-16T06:43:22.079526+00:00",
      "finished_at_utc": "2026-02-16T06:43:22.112271+00:00",
      "duration_sec": 0.033,
      "command": "python3 scripts/qcit_coordination_engine.py --out docs/qcit-coordination-report.json"
    },
    {
      "label": "quantum energy transmutation engine",
      "status": "PASS",
      "ok": true,
      "effective_success": true,
      "timed_out": false,
      "started_at_utc": "2026-02-16T06:43:22.112296+00:00",
      "finished_at_utc": "2026-02-16T06:43:22.142806+00:00",
      "duration_sec": 0.031,
      "command": "python3 scripts/quantum_energy_transmutation_engine.py --out docs/quantum-energy-transmutation-report.json"
    },
    {
      "label": "qcit/quantum report validation",
      "status": "PASS",
      "ok": true,
      "effective_success": true,
      "timed_out": false,
      "started_at_utc": "2026-02-16T06:43:22.142829+00:00",
      "finished_at_utc": "2026-02-16T06:43:22.165470+00:00",
      "duration_sec": 0.023,
      "command": "python3 scripts/validate_transmutation_reports.py --qcit docs/qcit-coordination-report.json --quantum docs/quantum-energy-transmutation-report.json"
    },
    {
      "label": "minimum-disclosure verifier (GOV-002)",
      "status": "PASS",
      "ok": true,
      "effective_success": true,
      "timed_out": false,
      "started_at_utc": "2026-02-16T06:43:22.165494+00:00",
      "finished_at_utc": "2026-02-16T06:43:22.200016+00:00",
      "duration_sec": 0.035,
      "command": "python3 freed_id_minimum_disclosure_verifier.py"
    },
    {
      "label": "minimum-disclosure live-path verifier (GOV-002)",
      "status": "PASS",
      "ok": true,
      "effective_success": true,
      "timed_out": false,
      "started_at_utc": "2026-02-16T06:43:22.200039+00:00",
      "finished_at_utc": "2026-02-16T06:43:22.240502+00:00",
      "duration_sec": 0.04,
      "command": "python3 freed_id_minimum_disclosure_live_path_verifier.py"
    },
    {
      "label": "minimum-disclosure adversarial verifier (GOV-002)",
      "status": "PASS",
      "ok": true,
      "effective_success": true,
      "timed_out": false,
      "started_at_utc": "2026-02-16T06:43:22.240524+00:00",
      "finished_at_utc": "2026-02-16T06:43:22.275975+00:00",
      "duration_sec": 0.035,
      "command": "python3 freed_id_minimum_disclosure_adversarial_verifier.py"
    },
    {
      "label": "dispute/recourse verifier (GOV-004)",
      "status": "PASS",
      "ok": true,
      "effective_success": true,
      "timed_out": false,
      "started_at_utc": "2026-02-16T06:43:22.275998+00:00",
      "finished_at_utc": "2026-02-16T06:43:22.313665+00:00",
      "duration_sec": 0.038,
      "command": "python3 freed_id_dispute_recourse_verifier.py"
    },
    {
      "label": "dispute/recourse adversarial verifier (GOV-004)",
      "status": "PASS",
      "ok": true,
      "effective_success": true,
      "timed_out": false,
      "started_at_utc": "2026-02-16T06:43:22.313686+00:00",
      "finished_at_utc": "2026-02-16T06:43:22.350080+00:00",
      "duration_sec": 0.036,
      "command": "python3 freed_id_dispute_recourse_adversarial_verifier.py"
    },
    {
      "label": "token/credit zip converter",
      "status": "PASS",
      "ok": true,
      "effective_success": true,
      "timed_out": false,
      "started_at_utc": "2026-02-16T06:43:22.350107+00:00",
      "finished_at_utc": "2026-02-16T06:43:22.419358+00:00",
      "duration_sec": 0.069,
      "command": "python3 scripts/trinity_token_credit_zip_converter.py --use-reserve-first --regeneration-multiplier 3.0 --target-reimbursement-ratio 1.0 --zip-snapshot --zip-label token-credit-suite --out docs/token-credit-bank-report.json --ledger docs/token-credit-bank-ledger.jsonl"
    },
    {
      "label": "cache/waste regenerator",
      "status": "PASS",
      "ok": true,
      "effective_success": true,
      "timed_out": false,
      "started_at_utc": "2026-02-16T06:43:22.419388+00:00",
      "finished_at_utc": "2026-02-16T06:43:22.455388+00:00",
      "duration_sec": 0.036,
      "command": "python3 scripts/cache_waste_regenerator.py --out docs/cache-waste-regenerator-report.json --purge --prune-empty-dirs"
    },
    {
      "label": "cache/waste report validation",
      "status": "PASS",
      "ok": true,
      "effective_success": true,
      "timed_out": false,
      "started_at_utc": "2026-02-16T06:43:22.455412+00:00",
      "finished_at_utc": "2026-02-16T06:43:22.478166+00:00",
      "duration_sec": 0.023,
      "command": "python3 scripts/validate_cache_waste_report.py --cache docs/cache-waste-regenerator-report.json"
    },
    {
      "label": "energy bank system",
      "status": "PASS",
      "ok": true,
      "effective_success": true,
      "timed_out": false,
      "started_at_utc": "2026-02-16T06:43:22.478189+00:00",
      "finished_at_utc": "2026-02-16T06:43:22.503012+00:00",
      "duration_sec": 0.025,
      "command": "python3 scripts/trinity_energy_bank_system.py --token-report docs/token-credit-bank-report.json --cache-report docs/cache-waste-regenerator-report.json --reserve-growth 1.0 --reserve-cap-multiplier 10.0 --auto-max-cap --cap-ceiling 100.0 --out docs/energy-bank-report.json --state docs/energy-bank-state.json"
    },
    {
      "label": "token/energy report validation",
      "status": "PASS",
      "ok": true,
      "effective_success": true,
      "timed_out": false,
      "started_at_utc": "2026-02-16T06:43:22.503038+00:00",
      "finished_at_utc": "2026-02-16T06:43:22.526363+00:00",
      "duration_sec": 0.023,
      "command": "python3 scripts/validate_token_energy_reports.py --token docs/token-credit-bank-report.json --energy docs/energy-bank-report.json"
    },
    {
      "label": "gyroscopic hybrid zip converter",
      "status": "PASS",
      "ok": true,
      "effective_success": true,
      "timed_out": false,
      "started_at_utc": "2026-02-16T06:43:22.526386+00:00",
      "finished_at_utc": "2026-02-16T06:43:22.567018+00:00",
      "duration_sec": 0.041,
      "command": "python3 scripts/gyroscopic_hybrid_zip_converter_generator.py --label gyroscopic-suite-cycle --out docs/gyroscopic-hybrid-zip-report.json"
    },
    {
      "label": "body benchmark guardrail check (observe)",
      "status": "PASS",
      "ok": true,
      "effective_success": true,
      "timed_out": false,
      "started_at_utc": "2026-02-16T06:43:22.567045+00:00",
      "finished_at_utc": "2026-02-16T06:43:22.738813+00:00",
      "duration_sec": 0.172,
      "command": "python3 body_track_runner.py --gammas 0.0 0.01 0.05 --benchmark-profile quick"
    },
    {
      "label": "body benchmark trend guard (observe)",
      "status": "PASS",
      "ok": true,
      "effective_success": true,
      "timed_out": false,
      "started_at_utc": "2026-02-16T06:43:22.738842+00:00",
      "finished_at_utc": "2026-02-16T06:43:22.768592+00:00",
      "duration_sec": 0.03,
      "command": "python3 scripts/body_benchmark_trend_guard.py --trend-profile quick"
    },
    {
      "label": "body profile calibration report",
      "status": "PASS",
      "ok": true,
      "effective_success": true,
      "timed_out": false,
      "started_at_utc": "2026-02-16T06:43:22.768630+00:00",
      "finished_at_utc": "2026-02-16T06:43:22.814483+00:00",
      "duration_sec": 0.046,
      "command": "python3 scripts/body_profile_calibration_report.py --profile-context quick"
    },
    {
      "label": "gmut comparator metrics",
      "status": "PASS",
      "ok": true,
      "effective_success": true,
      "timed_out": false,
      "started_at_utc": "2026-02-16T06:43:22.814509+00:00",
      "finished_at_utc": "2026-02-16T06:43:22.840329+00:00",
      "duration_sec": 0.026,
      "command": "python3 scripts/gmut_comparator_metrics.py"
    },
    {
      "label": "gmut external-anchor exclusion note",
      "status": "PASS",
      "ok": true,
      "effective_success": true,
      "timed_out": false,
      "started_at_utc": "2026-02-16T06:43:22.840355+00:00",
      "finished_at_utc": "2026-02-16T06:43:22.867036+00:00",
      "duration_sec": 0.027,
      "command": "python3 scripts/gmut_external_anchor_exclusion_note.py --anchor-input docs/mind-track-external-anchor-canonical-inputs-v1.json"
    },
    {
      "label": "zip memory/data snapshot",
      "status": "PASS",
      "ok": true,
      "effective_success": true,
      "timed_out": false,
      "started_at_utc": "2026-02-16T06:43:22.867059+00:00",
      "finished_at_utc": "2026-02-16T06:43:22.904975+00:00",
      "duration_sec": 0.038,
      "command": "python3 scripts/trinity_zip_memory_converter.py archive --label suite-quick"
    },
    {
      "label": "v33 structural OCR validation snapshot",
      "status": "PASS",
      "ok": true,
      "effective_success": true,
      "timed_out": false,
      "started_at_utc": "2026-02-16T06:43:22.904998+00:00",
      "finished_at_utc": "2026-02-16T06:43:23.048147+00:00",
      "duration_sec": 0.143,
      "command": "bash -lc 'strings -n 8 '\"'\"'Beyonder-Real-True Journey v33 (Arielis) (2).pdf'\"'\"' | rg -n '\"'\"'Core Modules|Orchestrator|DID Method|Quantum|Freed|GMUT|Cosmic Bill'\"'\"' | head -n 20'"
    }
  ]
}
