{
  "generated_utc": "2026-02-16T05:24:07.005513+00:00",
  "engine": "cache-waste-regenerator",
  "inputs": {
    "targets": [
      "docs/_tmp-*.json",
      "docs/_tmp-*.jsonl",
      "docs/memory-archives/_tmp*",
      "scripts/__pycache__"
    ],
    "tokens_per_byte": 0.02,
    "credits_per_1k_tokens": 1.0,
    "energy_per_token": 0.001
  },
  "outputs": {
    "reclaimed_bytes": 66975,
    "reclaimed_tokens": 1339.5,
    "reclaimed_credits": 1.3395,
    "reclaimed_energy_units": 1.3395,
    "purged_bytes": 66975,
    "purged_count": 1,
    "skipped_tracked_purge_count": 0,
    "items": [
      {
        "path": "scripts/__pycache__",
        "bytes": 66975,
        "purged": true,
        "tracked": false,
        "purge_skipped_reason": ""
      }
    ]
  }
}
