{
  "generated_utc": "2026-02-16T10:32:58.483798+00:00",
  "engine": "trinity-token-credit-zip-converter",
  "inputs": {
    "tokens_used": 12000,
    "credits_used": 12.0,
    "tokens_per_credit": 1000,
    "coordination_score": 0.82915,
    "net_usable_energy": 89.6975,
    "use_reserve_first": true,
    "reserve_state": "docs/energy-bank-state.json",
    "regeneration_multiplier": 3.0,
    "target_reimbursement_ratio": 1.0
  },
  "outputs": {
    "reserve_tokens_available": 19793.788723,
    "reserve_credits_available": 70.908153,
    "reserve_energy_available": 1209.919684,
    "reserve_tokens_consumed": 12000.0,
    "reserve_credits_consumed": 12.0,
    "reserve_energy_consumed": 12.0,
    "remaining_tokens_demand": 0.0,
    "remaining_credits_demand": 0.0,
    "tokens_regenerated": 6727.3125,
    "topup_tokens_for_target_ratio": 0.0,
    "credits_regenerated": 6.727313,
    "total_tokens_covered": 18727.3125,
    "total_credits_covered": 18.727313,
    "token_delta": 6727.3125,
    "credit_delta": 6.727313,
    "reimbursement_ratio": 1.560609,
    "status": "surplus"
  }
}
