{
  "capsule": "BC4",
  "created_utc": "2026-02-21T05:00:29+00:00",
  "files": [
    {
      "path": "BC4_MANIFEST.json",
      "sha256": "7c4168465eb9e037caedee671a8292029dd16d07f97872c1b1562732224e60cb",
      "bytes": 1362
    },
    {
      "path": "DRIVE_ARCHIVE_INDEX.md",
      "sha256": "19eab1ccd44ee06e0a890a6c86e96b3abf05ace648d369bd6577282b7dc1c031",
      "bytes": 876
    },
    {
      "path": "DRIVE_STRUCTURE.md",
      "sha256": "f71a78bc3f228c07aed6472d6efa854503be17ff83479067b9cfd5770043a86b",
      "bytes": 646
    },
    {
      "path": "README_BC4.md",
      "sha256": "6a00bb6ca8a8a1bb50fddcd8852deef9715ad64b463b9112f47a8a7bd780b733",
      "bytes": 1008
    },
    {
      "path": "TRINITY_CYCLE_CHEATSHEET.md",
      "sha256": "b17a69f2409493e409111d35ab47abf13243d29a2ec5c3aa7473b3fec4b74df0",
      "bytes": 703
    },
    {
      "path": "TRINITY_INDEX.md",
      "sha256": "133394fd4c15ffe8611de4c615ddeae8e37585a87f2af7309664085d782f6f5b",
      "bytes": 1130
    },
    {
      "path": "UPLOAD_QUEUE.md",
      "sha256": "d77c4a5fec2f541f19dde42b99490461107f7ad4dcc3879081962c84b7ed11b3",
      "bytes": 635
    },
    {
      "path": "run_trinity_cycle_helper.py",
      "sha256": "2538e6fead6e12d7c1bf3f31bdfc45ec6248a2bc98edf4b541f47790c23cf718",
      "bytes": 1117
    },
    {
      "path": "schemas/mind_track_smoke_schema_v1.json",
      "sha256": "8be01ca3ac8b1c7446b6a14acabeddd48a46c3abfb8181e8fa52d1fe1b35f134",
      "bytes": 501
    },
    {
      "path": "schemas/trinity_run_schema_v1.json",
      "sha256": "3ae0fb8de7c89999bedf305b3340700a9b4c06d20380488f996435db65ebbad8",
      "bytes": 1471
    },
    {
      "path": "validate_artifacts.py",
      "sha256": "943bc93948dea638793e61c62224135dc4ddd1f7124e251d8058c5154db17fb6",
      "bytes": 1617
    }
  ],
  "updated_utc": "2026-02-21T05:01:59+00:00"
}
