{
  "generated_utc": "2026-02-21T05:13:05Z",
  "files": [
    {
      "path": "heart_track_runner.py",
      "sha256": "a928aad770a6b3aacf2d228b416818ff568f0ca40a15a5735bfcb653b20654c9",
      "bytes": 6878
    },
    {
      "path": "scripts/run_trinity_cycle.py",
      "sha256": "06553a0601b17dc83a0326325d2af1b3e08d506dc6d4592fb1cd3e159460d22c",
      "bytes": 4071
    },
    {
      "path": "docs/trinity-artifact-contract-v1.md",
      "sha256": "d515e9b86825cfbb2f9ee7db466f9087a701b5ec102938cc18edc8a869b38d64",
      "bytes": 1531
    },
    {
      "path": "docs/evidence-index-v0.md",
      "sha256": "873d937eb85a91e50f21e3ac666071dd222e2395a553abefcd8f230546cb4d59",
      "bytes": 873
    },
    {
      "path": "scripts/render_journey_pdf_registry.py",
      "sha256": "2dcd15d3935f675b1841e7a7e3d1996087163ccbb0a78692e6289b4d183f5594",
      "bytes": 1488
    },
    {
      "path": "SESSION_LOG_2026-02-21_BC5.md",
      "sha256": "6567d98520758e876e80b832af13260c7d4d876141787d781baf4ef9c05e634e",
      "bytes": 576
    }
  ]
}
