{
  "generated_utc": "2026-02-16T05:24:08.058265+00:00",
  "engine": "trinity-energy-bank-system",
  "inputs": {
    "reserve_growth": 1.0,
    "reserve_cap_multiplier": 15.60609,
    "auto_max_cap": true,
    "cap_ceiling": 100.0,
    "projection_sessions": 10,
    "regenerated_tokens": 6727.3125,
    "regenerated_credits": 6.727313,
    "net_usable_energy": 89.6975,
    "cache_reclaimed_tokens": 679.7,
    "cache_reclaimed_credits": 0.6797,
    "cache_reclaimed_energy_units": 0.6797,
    "reserve_tokens_consumed": 12000.0,
    "reserve_credits_consumed": 12.0,
    "reserve_energy_consumed": 12.0
  },
  "outputs": {
    "post_spend_tokens": 6580.386858,
    "post_spend_credits": 58.519281,
    "post_spend_energy_units": 949.994613,
    "reserve_cap_tokens": 496607.387825,
    "reserve_cap_credits": 3065.821579,
    "reserve_cap_energy_units": 24619.627059,
    "reserve_tokens": 13987.399358,
    "reserve_credits": 65.926294,
    "reserve_energy_units": 1040.371813,
    "projected_sessions": [
      {
        "session": 1,
        "planned_tokens": 10200,
        "planned_credits": 10.2,
        "token_coverage_ratio": 1.0,
        "covered_tokens": 10200,
        "covered_credits": 10.2,
        "uncovered_tokens": 0.0,
        "uncovered_credits": 0.0,
        "token_surplus_after_session": 3787.399358,
        "credit_surplus_after_session": 55.726294
      },
      {
        "session": 2,
        "planned_tokens": 11400,
        "planned_credits": 11.4,
        "token_coverage_ratio": 0.332228,
        "covered_tokens": 3787.399358,
        "covered_credits": 11.4,
        "uncovered_tokens": 7612.600642,
        "uncovered_credits": 0.0,
        "token_surplus_after_session": 0.0,
        "credit_surplus_after_session": 44.326294
      },
      {
        "session": 3,
        "planned_tokens": 12600,
        "planned_credits": 12.6,
        "token_coverage_ratio": 0.0,
        "covered_tokens": 0.0,
        "covered_credits": 12.6,
        "uncovered_tokens": 12600.0,
        "uncovered_credits": 0.0,
        "token_surplus_after_session": 0.0,
        "credit_surplus_after_session": 31.726294
      },
      {
        "session": 4,
        "planned_tokens": 13800,
        "planned_credits": 13.8,
        "token_coverage_ratio": 0.0,
        "covered_tokens": 0.0,
        "covered_credits": 13.8,
        "uncovered_tokens": 13800.0,
        "uncovered_credits": 0.0,
        "token_surplus_after_session": 0.0,
        "credit_surplus_after_session": 17.926294
      },
      {
        "session": 5,
        "planned_tokens": 15000,
        "planned_credits": 15.0,
        "token_coverage_ratio": 0.0,
        "covered_tokens": 0.0,
        "covered_credits": 15.0,
        "uncovered_tokens": 15000.0,
        "uncovered_credits": 0.0,
        "token_surplus_after_session": 0.0,
        "credit_surplus_after_session": 2.926294
      },
      {
        "session": 6,
        "planned_tokens": 16200,
        "planned_credits": 16.2,
        "token_coverage_ratio": 0.0,
        "covered_tokens": 0.0,
        "covered_credits": 2.926294,
        "uncovered_tokens": 16200.0,
        "uncovered_credits": 13.273706,
        "token_surplus_after_session": 0.0,
        "credit_surplus_after_session": 0.0
      },
      {
        "session": 7,
        "planned_tokens": 17400,
        "planned_credits": 17.4,
        "token_coverage_ratio": 0.0,
        "covered_tokens": 0.0,
        "covered_credits": 0.0,
        "uncovered_tokens": 17400.0,
        "uncovered_credits": 17.4,
        "token_surplus_after_session": 0.0,
        "credit_surplus_after_session": 0.0
      },
      {
        "session": 8,
        "planned_tokens": 18600,
        "planned_credits": 18.6,
        "token_coverage_ratio": 0.0,
        "covered_tokens": 0.0,
        "covered_credits": 0.0,
        "uncovered_tokens": 18600.0,
        "uncovered_credits": 18.6,
        "token_surplus_after_session": 0.0,
        "credit_surplus_after_session": 0.0
      },
      {
        "session": 9,
        "planned_tokens": 19800,
        "planned_credits": 19.8,
        "token_coverage_ratio": 0.0,
        "covered_tokens": 0.0,
        "covered_credits": 0.0,
        "uncovered_tokens": 19800.0,
        "uncovered_credits": 19.8,
        "token_surplus_after_session": 0.0,
        "credit_surplus_after_session": 0.0
      },
      {
        "session": 10,
        "planned_tokens": 21000,
        "planned_credits": 21.0,
        "token_coverage_ratio": 0.0,
        "covered_tokens": 0.0,
        "covered_credits": 0.0,
        "uncovered_tokens": 21000.0,
        "uncovered_credits": 21.0,
        "token_surplus_after_session": 0.0,
        "credit_surplus_after_session": 0.0
      }
    ],
    "projection_summary": {
      "sessions": 10,
      "planned_tokens": 156000.0,
      "covered_tokens": 13987.399358,
      "uncovered_tokens": 142012.600642,
      "planned_credits": 156.0,
      "covered_credits": 65.926294,
      "uncovered_credits": 90.073706
    }
  }
}
