{
  "generated_utc": "2026-02-16T04:30:29.854004+00:00",
  "engine": "trinity-token-credit-zip-converter",
  "inputs": {
    "tokens_used": 12000,
    "credits_used": 12.0,
    "tokens_per_credit": 1000,
    "coordination_score": 0.82915,
    "net_usable_energy": 89.6975,
    "use_reserve_first": true,
    "reserve_state": "docs/energy-bank-state.json",
    "regeneration_multiplier": 3.0,
    "target_reimbursement_ratio": 1.0
  },
  "outputs": {
    "reserve_tokens_available": 10012.599333,
    "reserve_credits_available": 67.881224,
    "reserve_energy_available": 720.329922,
    "reserve_tokens_consumed": 10012.599333,
    "reserve_credits_consumed": 12.0,
    "reserve_energy_consumed": 10.012599,
    "remaining_tokens_demand": 1987.400667,
    "remaining_credits_demand": 0.0,
    "tokens_regenerated": 12027.397063,
    "topup_tokens_for_target_ratio": 0.0,
    "credits_regenerated": 12.027397,
    "total_tokens_covered": 22039.996396,
    "total_credits_covered": 24.027397,
    "token_delta": 10039.996396,
    "credit_delta": 12.027397,
    "reimbursement_ratio": 1.836666,
    "status": "surplus"
  }
}
