{
  "generated_utc": "2026-02-21T05:34:13Z",
  "files": [
    {
      "path": "docs/body-track-daily-checkin-template.json",
      "sha256": "f5f8a247fbd15fe4182e1822b386b0b567105f9c9d781d17e4b0d2c02e539879",
      "bytes": 1565
    },
    {
      "path": "scripts/body_daily_checkin.py",
      "sha256": "02861889f1c62d279a028229f0a75f99f5c5a49c97d81c2f23e83830c29f7570",
      "bytes": 3803
    },
    {
      "path": "scripts/body_checkin_summary.py",
      "sha256": "73656d0951bdb14c496c64fe5d7516c909c527e8ed8f5c84e7503f83ac0f65b0",
      "bytes": 2862
    },
    {
      "path": "docs/trinity_hybrid_os_daily_protocol_v1.md",
      "sha256": "46b996e08e41baefbd484ef9d4823648379b56d95d337fe60385d2622c666333",
      "bytes": 1166
    },
    {
      "path": "docs/body-lane-contract-v1.md",
      "sha256": "293ba67fc1c5135053452dfbd623b0024aa7fb4667d332cab509080033332199",
      "bytes": 1165
    },
    {
      "path": "docs/TRINITY_RUNNER_BODY_DAILY_HOOK_NOTE.md",
      "sha256": "d9cbb810eb3bfb0ff5ad958f8578875f52907b3a9d990e713dd05a56c8e2cbe1",
      "bytes": 274
    },
    {
      "path": "SESSION_LOG_2026-02-21_BC7.md",
      "sha256": "1bcd6022499c3a9b3ce40ace7f949425f49262d6270ad824d5251b9e44cc6238",
      "bytes": 548
    }
  ]
}
