{
  "generated_utc": "2026-02-16T06:43:23.425735+00:00",
  "engine": "trinity-token-credit-zip-converter",
  "inputs": {
    "tokens_used": 12000,
    "credits_used": 12.0,
    "tokens_per_credit": 1000,
    "coordination_score": 0.82915,
    "net_usable_energy": 89.6975,
    "use_reserve_first": true,
    "reserve_state": "docs/energy-bank-state.json",
    "regeneration_multiplier": 3.0,
    "target_reimbursement_ratio": 1.0
  },
  "outputs": {
    "reserve_tokens_available": 10253.091858,
    "reserve_credits_available": 62.191987,
    "reserve_energy_available": 1119.607693,
    "reserve_tokens_consumed": 10253.091858,
    "reserve_credits_consumed": 12.0,
    "reserve_energy_consumed": 10.253092,
    "remaining_tokens_demand": 1746.908142,
    "remaining_credits_demand": 0.0,
    "tokens_regenerated": 11386.041377,
    "topup_tokens_for_target_ratio": 0.0,
    "credits_regenerated": 11.386041,
    "total_tokens_covered": 21639.133235,
    "total_credits_covered": 23.386041,
    "token_delta": 9639.133235,
    "credit_delta": 11.386041,
    "reimbursement_ratio": 1.803261,
    "status": "surplus"
  }
}
