{
  "generated_utc": "2026-02-16T10:32:58.606663+00:00",
  "engine": "trinity-energy-bank-system",
  "inputs": {
    "reserve_growth": 1.0,
    "reserve_cap_multiplier": 15.60609,
    "auto_max_cap": true,
    "cap_ceiling": 100.0,
    "projection_sessions": 10,
    "regenerated_tokens": 6727.3125,
    "regenerated_credits": 6.727313,
    "net_usable_energy": 89.6975,
    "cache_reclaimed_tokens": 6542.38,
    "cache_reclaimed_credits": 6.54238,
    "cache_reclaimed_energy_units": 6.54238,
    "reserve_tokens_consumed": 12000.0,
    "reserve_credits_consumed": 12.0,
    "reserve_energy_consumed": 12.0
  },
  "outputs": {
    "post_spend_tokens": 7793.788723,
    "post_spend_credits": 58.908153,
    "post_spend_energy_units": 1197.919684,
    "reserve_cap_tokens": 496607.387825,
    "reserve_cap_credits": 3065.821579,
    "reserve_cap_energy_units": 24750.032287,
    "reserve_tokens": 21063.481223,
    "reserve_credits": 72.177846,
    "reserve_energy_units": 1294.159564,
    "projected_sessions": [
      {
        "session": 1,
        "planned_tokens": 10200,
        "planned_credits": 10.2,
        "token_coverage_ratio": 1.0,
        "covered_tokens": 10200,
        "covered_credits": 10.2,
        "uncovered_tokens": 0.0,
        "uncovered_credits": 0.0,
        "token_surplus_after_session": 10863.481223,
        "credit_surplus_after_session": 61.977846
      },
      {
        "session": 2,
        "planned_tokens": 11400,
        "planned_credits": 11.4,
        "token_coverage_ratio": 0.952937,
        "covered_tokens": 10863.481223,
        "covered_credits": 11.4,
        "uncovered_tokens": 536.518777,
        "uncovered_credits": 0.0,
        "token_surplus_after_session": 0.0,
        "credit_surplus_after_session": 50.577846
      },
      {
        "session": 3,
        "planned_tokens": 12600,
        "planned_credits": 12.6,
        "token_coverage_ratio": 0.0,
        "covered_tokens": 0.0,
        "covered_credits": 12.6,
        "uncovered_tokens": 12600.0,
        "uncovered_credits": 0.0,
        "token_surplus_after_session": 0.0,
        "credit_surplus_after_session": 37.977846
      },
      {
        "session": 4,
        "planned_tokens": 13800,
        "planned_credits": 13.8,
        "token_coverage_ratio": 0.0,
        "covered_tokens": 0.0,
        "covered_credits": 13.8,
        "uncovered_tokens": 13800.0,
        "uncovered_credits": 0.0,
        "token_surplus_after_session": 0.0,
        "credit_surplus_after_session": 24.177846
      },
      {
        "session": 5,
        "planned_tokens": 15000,
        "planned_credits": 15.0,
        "token_coverage_ratio": 0.0,
        "covered_tokens": 0.0,
        "covered_credits": 15.0,
        "uncovered_tokens": 15000.0,
        "uncovered_credits": 0.0,
        "token_surplus_after_session": 0.0,
        "credit_surplus_after_session": 9.177846
      },
      {
        "session": 6,
        "planned_tokens": 16200,
        "planned_credits": 16.2,
        "token_coverage_ratio": 0.0,
        "covered_tokens": 0.0,
        "covered_credits": 9.177846,
        "uncovered_tokens": 16200.0,
        "uncovered_credits": 7.022154,
        "token_surplus_after_session": 0.0,
        "credit_surplus_after_session": 0.0
      },
      {
        "session": 7,
        "planned_tokens": 17400,
        "planned_credits": 17.4,
        "token_coverage_ratio": 0.0,
        "covered_tokens": 0.0,
        "covered_credits": 0.0,
        "uncovered_tokens": 17400.0,
        "uncovered_credits": 17.4,
        "token_surplus_after_session": 0.0,
        "credit_surplus_after_session": 0.0
      },
      {
        "session": 8,
        "planned_tokens": 18600,
        "planned_credits": 18.6,
        "token_coverage_ratio": 0.0,
        "covered_tokens": 0.0,
        "covered_credits": 0.0,
        "uncovered_tokens": 18600.0,
        "uncovered_credits": 18.6,
        "token_surplus_after_session": 0.0,
        "credit_surplus_after_session": 0.0
      },
      {
        "session": 9,
        "planned_tokens": 19800,
        "planned_credits": 19.8,
        "token_coverage_ratio": 0.0,
        "covered_tokens": 0.0,
        "covered_credits": 0.0,
        "uncovered_tokens": 19800.0,
        "uncovered_credits": 19.8,
        "token_surplus_after_session": 0.0,
        "credit_surplus_after_session": 0.0
      },
      {
        "session": 10,
        "planned_tokens": 21000,
        "planned_credits": 21.0,
        "token_coverage_ratio": 0.0,
        "covered_tokens": 0.0,
        "covered_credits": 0.0,
        "uncovered_tokens": 21000.0,
        "uncovered_credits": 21.0,
        "token_surplus_after_session": 0.0,
        "credit_surplus_after_session": 0.0
      }
    ],
    "projection_summary": {
      "sessions": 10,
      "planned_tokens": 156000.0,
      "covered_tokens": 21063.481223,
      "uncovered_tokens": 134936.518777,
      "planned_credits": 156.0,
      "covered_credits": 72.177846,
      "uncovered_credits": 83.822154
    }
  }
}
