{
  "generated_utc": "2026-02-16T03:18:55.155377+00:00",
  "suite_started_at_utc": "2026-02-16T03:18:54.468645+00:00",
  "suite_finished_at_utc": "2026-02-16T03:18:55.155367+00:00",
  "suite_duration_sec": 0.687,
  "effective_success": true,
  "achieved_steps": 14,
  "achievement_gate_met": true,
  "counts": {
    "pass": 14,
    "warn": 0,
    "timeout": 0,
    "fail": 0
  },
  "config": {
    "step_timeout_sec": 0,
    "profile": "quick",
    "profile_source": "--profile",
    "include_version_scan": false,
    "include_skill_install": false,
    "include_curated_skill_catalog": false,
    "soft_fail_network": false,
    "fail_on_warn": false,
    "achievement_target_steps": 0,
    "quick_mode": true,
    "body_benchmark_mode": "enforce",
    "include_body_benchmark": true
  },
  "results": [
    {
      "label": "memory integrity check (strict)",
      "status": "PASS",
      "ok": true,
      "effective_success": true,
      "timed_out": false,
      "started_at_utc": "2026-02-16T03:18:54.468686+00:00",
      "finished_at_utc": "2026-02-16T03:18:54.492710+00:00",
      "duration_sec": 0.024,
      "command": "python3 scripts/aurelis_memory_integrity_check.py --strict"
    },
    {
      "label": "continuity cycle tick (dry-run status)",
      "status": "PASS",
      "ok": true,
      "effective_success": true,
      "timed_out": false,
      "started_at_utc": "2026-02-16T03:18:54.492734+00:00",
      "finished_at_utc": "2026-02-16T03:18:54.521120+00:00",
      "duration_sec": 0.028,
      "command": "python3 scripts/aurelis_cycle_tick.py --user-message 'suite quick dry-run' --assistant-reflection 'Quick mode continuity health check' --progress-snapshot 'Validated quick dry-run status reporting in suite' --next-step 'Run full suite when deeper validation is needed' --query cycle --query-limit 2 --dry-run --no-report --step-timeout-sec 0 --json-status docs/aurelis-cycle-tick-status.json"
    },
    {
      "label": "qcit coordination engine",
      "status": "PASS",
      "ok": true,
      "effective_success": true,
      "timed_out": false,
      "started_at_utc": "2026-02-16T03:18:54.521150+00:00",
      "finished_at_utc": "2026-02-16T03:18:54.554227+00:00",
      "duration_sec": 0.033,
      "command": "python3 scripts/qcit_coordination_engine.py --out docs/qcit-coordination-report.json"
    },
    {
      "label": "quantum energy transmutation engine",
      "status": "PASS",
      "ok": true,
      "effective_success": true,
      "timed_out": false,
      "started_at_utc": "2026-02-16T03:18:54.554250+00:00",
      "finished_at_utc": "2026-02-16T03:18:54.586652+00:00",
      "duration_sec": 0.032,
      "command": "python3 scripts/quantum_energy_transmutation_engine.py --out docs/quantum-energy-transmutation-report.json"
    },
    {
      "label": "qcit/quantum report validation",
      "status": "PASS",
      "ok": true,
      "effective_success": true,
      "timed_out": false,
      "started_at_utc": "2026-02-16T03:18:54.586675+00:00",
      "finished_at_utc": "2026-02-16T03:18:54.609332+00:00",
      "duration_sec": 0.023,
      "command": "python3 scripts/validate_transmutation_reports.py --qcit docs/qcit-coordination-report.json --quantum docs/quantum-energy-transmutation-report.json"
    },
    {
      "label": "token/credit zip converter",
      "status": "PASS",
      "ok": true,
      "effective_success": true,
      "timed_out": false,
      "started_at_utc": "2026-02-16T03:18:54.609355+00:00",
      "finished_at_utc": "2026-02-16T03:18:54.678438+00:00",
      "duration_sec": 0.069,
      "command": "python3 scripts/trinity_token_credit_zip_converter.py --use-reserve-first --regeneration-multiplier 3.0 --target-reimbursement-ratio 1.0 --zip-snapshot --zip-label token-credit-suite --out docs/token-credit-bank-report.json --ledger docs/token-credit-bank-ledger.jsonl"
    },
    {
      "label": "cache/waste regenerator",
      "status": "PASS",
      "ok": true,
      "effective_success": true,
      "timed_out": false,
      "started_at_utc": "2026-02-16T03:18:54.678467+00:00",
      "finished_at_utc": "2026-02-16T03:18:54.710339+00:00",
      "duration_sec": 0.032,
      "command": "python3 scripts/cache_waste_regenerator.py --out docs/cache-waste-regenerator-report.json --purge --prune-empty-dirs"
    },
    {
      "label": "cache/waste report validation",
      "status": "PASS",
      "ok": true,
      "effective_success": true,
      "timed_out": false,
      "started_at_utc": "2026-02-16T03:18:54.710362+00:00",
      "finished_at_utc": "2026-02-16T03:18:54.732838+00:00",
      "duration_sec": 0.022,
      "command": "python3 scripts/validate_cache_waste_report.py --cache docs/cache-waste-regenerator-report.json"
    },
    {
      "label": "energy bank system",
      "status": "PASS",
      "ok": true,
      "effective_success": true,
      "timed_out": false,
      "started_at_utc": "2026-02-16T03:18:54.732861+00:00",
      "finished_at_utc": "2026-02-16T03:18:54.756957+00:00",
      "duration_sec": 0.024,
      "command": "python3 scripts/trinity_energy_bank_system.py --token-report docs/token-credit-bank-report.json --cache-report docs/cache-waste-regenerator-report.json --reserve-growth 1.0 --reserve-cap-multiplier 10.0 --auto-max-cap --cap-ceiling 100.0 --out docs/energy-bank-report.json --state docs/energy-bank-state.json"
    },
    {
      "label": "token/energy report validation",
      "status": "PASS",
      "ok": true,
      "effective_success": true,
      "timed_out": false,
      "started_at_utc": "2026-02-16T03:18:54.756982+00:00",
      "finished_at_utc": "2026-02-16T03:18:54.780778+00:00",
      "duration_sec": 0.024,
      "command": "python3 scripts/validate_token_energy_reports.py --token docs/token-credit-bank-report.json --energy docs/energy-bank-report.json"
    },
    {
      "label": "gyroscopic hybrid zip converter",
      "status": "PASS",
      "ok": true,
      "effective_success": true,
      "timed_out": false,
      "started_at_utc": "2026-02-16T03:18:54.780801+00:00",
      "finished_at_utc": "2026-02-16T03:18:54.821043+00:00",
      "duration_sec": 0.04,
      "command": "python3 scripts/gyroscopic_hybrid_zip_converter_generator.py --label gyroscopic-suite-cycle --out docs/gyroscopic-hybrid-zip-report.json"
    },
    {
      "label": "body benchmark guardrail check (enforce)",
      "status": "PASS",
      "ok": true,
      "effective_success": true,
      "timed_out": false,
      "started_at_utc": "2026-02-16T03:18:54.821066+00:00",
      "finished_at_utc": "2026-02-16T03:18:54.993230+00:00",
      "duration_sec": 0.172,
      "command": "python3 body_track_runner.py --gammas 0.0 0.01 0.05 --fail-on-benchmark"
    },
    {
      "label": "zip memory/data snapshot",
      "status": "PASS",
      "ok": true,
      "effective_success": true,
      "timed_out": false,
      "started_at_utc": "2026-02-16T03:18:54.993259+00:00",
      "finished_at_utc": "2026-02-16T03:18:55.031915+00:00",
      "duration_sec": 0.039,
      "command": "python3 scripts/trinity_zip_memory_converter.py archive --label suite-quick"
    },
    {
      "label": "v33 structural OCR validation snapshot",
      "status": "PASS",
      "ok": true,
      "effective_success": true,
      "timed_out": false,
      "started_at_utc": "2026-02-16T03:18:55.031939+00:00",
      "finished_at_utc": "2026-02-16T03:18:55.155321+00:00",
      "duration_sec": 0.123,
      "command": "bash -lc 'strings -n 8 '\"'\"'Beyonder-Real-True Journey v33 (Arielis) (2).pdf'\"'\"' | rg -n '\"'\"'Core Modules|Orchestrator|DID Method|Quantum|Freed|GMUT|Cosmic Bill'\"'\"' | head -n 20'"
    }
  ]
}
