{
  "version": "v1",
  "generated_utc": "2026-02-21T05:34:13Z",
  "instructions": "Fill this in once per day. Use 0-10 scales unless noted. Keep it honest and lightweight.",
  "fields": [
    {
      "key": "sleep_hours",
      "type": "number",
      "unit": "hours",
      "example": 7.5
    },
    {
      "key": "sleep_quality",
      "type": "int",
      "scale": "0-10",
      "example": 7
    },
    {
      "key": "energy",
      "type": "int",
      "scale": "0-10",
      "example": 6
    },
    {
      "key": "mood",
      "type": "int",
      "scale": "0-10",
      "example": 7
    },
    {
      "key": "stress",
      "type": "int",
      "scale": "0-10",
      "example": 4
    },
    {
      "key": "hydration_litres",
      "type": "number",
      "unit": "L",
      "example": 2.0
    },
    {
      "key": "steps",
      "type": "int",
      "unit": "steps",
      "example": 8000
    },
    {
      "key": "protein_grams",
      "type": "int",
      "unit": "g",
      "example": 120
    },
    {
      "key": "mobility_minutes",
      "type": "int",
      "unit": "min",
      "example": 10
    },
    {
      "key": "strength_minutes",
      "type": "int",
      "unit": "min",
      "example": 20
    },
    {
      "key": "cardio_minutes",
      "type": "int",
      "unit": "min",
      "example": 15
    },
    {
      "key": "pain_level",
      "type": "int",
      "scale": "0-10",
      "example": 1
    },
    {
      "key": "notes",
      "type": "string",
      "example": "Any short note (injury, wins, constraints)."
    }
  ]
}
