{
  "generated_utc": "2026-02-16T05:02:41.424809+00:00",
  "engine": "cache-waste-regenerator",
  "inputs": {
    "targets": [
      "docs/_tmp-*.json",
      "docs/_tmp-*.jsonl",
      "docs/memory-archives/_tmp*",
      "scripts/__pycache__"
    ],
    "tokens_per_byte": 0.02,
    "credits_per_1k_tokens": 1.0,
    "energy_per_token": 0.001
  },
  "outputs": {
    "reclaimed_bytes": 0,
    "reclaimed_tokens": 0.0,
    "reclaimed_credits": 0.0,
    "reclaimed_energy_units": 0.0,
    "purged_bytes": 0,
    "purged_count": 0,
    "skipped_tracked_purge_count": 0,
    "items": []
  }
}
