{
  "generated_utc": "2026-02-16T06:21:28.146139+00:00",
  "engine": "trinity-token-credit-zip-converter",
  "inputs": {
    "tokens_used": 12000,
    "credits_used": 12.0,
    "tokens_per_credit": 1000,
    "coordination_score": 0.82915,
    "net_usable_energy": 89.6975,
    "use_reserve_first": true,
    "reserve_state": "docs/energy-bank-state.json",
    "regeneration_multiplier": 3.0,
    "target_reimbursement_ratio": 1.0
  },
  "outputs": {
    "reserve_tokens_available": 9278.923025,
    "reserve_credits_available": 63.114364,
    "reserve_energy_available": 1040.721127,
    "reserve_tokens_consumed": 9278.923025,
    "reserve_credits_consumed": 12.0,
    "reserve_energy_consumed": 9.278923,
    "remaining_tokens_demand": 2721.076975,
    "remaining_credits_demand": 0.0,
    "tokens_regenerated": 13983.996223,
    "topup_tokens_for_target_ratio": 0.0,
    "credits_regenerated": 13.983996,
    "total_tokens_covered": 23262.919248,
    "total_credits_covered": 25.983996,
    "token_delta": 11262.919248,
    "credit_delta": 13.983996,
    "reimbursement_ratio": 1.938577,
    "status": "surplus"
  }
}
