{
  "generated_utc": "2026-02-16T01:57:37.022480+00:00",
  "engine": "trinity-token-credit-zip-converter",
  "inputs": {
    "tokens_used": 12000,
    "credits_used": 12.0,
    "tokens_per_credit": 1000,
    "coordination_score": 0.82915,
    "net_usable_energy": 89.6975,
    "use_reserve_first": true,
    "reserve_state": "docs/energy-bank-state.json",
    "regeneration_multiplier": 3.0,
    "target_reimbursement_ratio": 1.0
  },
  "outputs": {
    "reserve_tokens_available": 4143.828579,
    "reserve_credits_available": 69.868622,
    "reserve_energy_available": 154.621011,
    "reserve_tokens_consumed": 4143.828579,
    "reserve_credits_consumed": 12.0,
    "reserve_energy_consumed": 4.143829,
    "remaining_tokens_demand": 7856.171421,
    "remaining_credits_demand": 0.0,
    "tokens_regenerated": 27678.484333,
    "topup_tokens_for_target_ratio": 0.0,
    "credits_regenerated": 27.678484,
    "total_tokens_covered": 31822.312912,
    "total_credits_covered": 39.678484,
    "token_delta": 19822.312912,
    "credit_delta": 27.678484,
    "reimbursement_ratio": 2.651859,
    "status": "surplus"
  }
}
