{
  "created_utc": "2026-02-21T04:26:37Z",
  "patch_name": "BRT_patch_trinity_mind_drive_registry_2026-02-21.zip",
  "files": [
    {
      "path": "docs/TRINITY_PATCH_README_2026-02-21.md",
      "bytes": 1499,
      "sha256": "83fc873ff3b835a7989252f35238fd197a0204f5bfd1549a1bcefe55eb9f2fd2"
    },
    {
      "path": "docs/claim_to_pdf_links_v0.md",
      "bytes": 1039,
      "sha256": "0236d937c888057decc5aaa4b8c10ce7262b0ee6d9a0838c24e064144252bf1b"
    },
    {
      "path": "docs/drive_to_repo_evidence_pipeline_v0.md",
      "bytes": 968,
      "sha256": "04473d38b161c012653286db4bc117eae6a1f5eaa1604d870e31dd241494649b"
    },
    {
      "path": "docs/journey_pdf_registry_v0.json",
      "bytes": 1878,
      "sha256": "a3353e9a6fc12ce195812ef822f6860cde72d01d1864215af1634509a70fd7b9"
    },
    {
      "path": "docs/mind-runner-report-template.md",
      "bytes": 578,
      "sha256": "f271409c5d21e82bd31144a285415e2f06b9424d0b82e8cecc33a413896b1ac4"
    },
    {
      "path": "docs/trinity-runner-report-template.md",
      "bytes": 652,
      "sha256": "089795646ab453764188321f847d69592eacffdccf41372a786ece471cf3973f"
    },
    {
      "path": "mind_track_runner.py",
      "bytes": 10186,
      "sha256": "74ab7037e47a1dda1fb769f393173afe14f66d8d0e79cc36af08fa2ae8cbf2a2"
    },
    {
      "path": "scripts/journey_pdf_registry_validator.py",
      "bytes": 1228,
      "sha256": "b9b3e1be93bf2c861d87025cf3cbe03638b479c83296266171767c17035980cb"
    },
    {
      "path": "scripts/render_journey_pdf_registry.py",
      "bytes": 1244,
      "sha256": "d922bdda86a3d160daf0077da6a08bb8ff8355d591abc40d08d455d01184e138"
    },
    {
      "path": "trinity_runner.py",
      "bytes": 7154,
      "sha256": "63cf68489e1b3236c653477f1155f5acc0794ff6b5b01121dbf0120f2281cbb5"
    }
  ]
}
