{
  "generated_utc": "2026-02-16T01:08:49.822833+00:00",
  "suite_started_at_utc": "2026-02-16T01:08:49.311952+00:00",
  "suite_finished_at_utc": "2026-02-16T01:08:49.822826+00:00",
  "suite_duration_sec": 0.511,
  "effective_success": true,
  "achieved_steps": 13,
  "achievement_gate_met": true,
  "counts": {
    "pass": 13,
    "warn": 0,
    "timeout": 0,
    "fail": 0
  },
  "config": {
    "step_timeout_sec": 0,
    "profile": "quick",
    "profile_source": "--profile",
    "include_version_scan": false,
    "include_skill_install": false,
    "include_curated_skill_catalog": false,
    "soft_fail_network": false,
    "fail_on_warn": false,
    "achievement_target_steps": 0,
    "quick_mode": true
  },
  "results": [
    {
      "label": "memory integrity check (strict)",
      "status": "PASS",
      "ok": true,
      "effective_success": true,
      "timed_out": false,
      "started_at_utc": "2026-02-16T01:08:49.311994+00:00",
      "finished_at_utc": "2026-02-16T01:08:49.335912+00:00",
      "duration_sec": 0.024,
      "command": "python3 scripts/aurelis_memory_integrity_check.py --strict"
    },
    {
      "label": "continuity cycle tick (dry-run status)",
      "status": "PASS",
      "ok": true,
      "effective_success": true,
      "timed_out": false,
      "started_at_utc": "2026-02-16T01:08:49.335936+00:00",
      "finished_at_utc": "2026-02-16T01:08:49.364666+00:00",
      "duration_sec": 0.029,
      "command": "python3 scripts/aurelis_cycle_tick.py --user-message 'suite quick dry-run' --assistant-reflection 'Quick mode continuity health check' --progress-snapshot 'Validated quick dry-run status reporting in suite' --next-step 'Run full suite when deeper validation is needed' --query cycle --query-limit 2 --dry-run --no-report --step-timeout-sec 0 --json-status docs/aurelis-cycle-tick-status.json"
    },
    {
      "label": "qcit coordination engine",
      "status": "PASS",
      "ok": true,
      "effective_success": true,
      "timed_out": false,
      "started_at_utc": "2026-02-16T01:08:49.364697+00:00",
      "finished_at_utc": "2026-02-16T01:08:49.397939+00:00",
      "duration_sec": 0.033,
      "command": "python3 scripts/qcit_coordination_engine.py --out docs/qcit-coordination-report.json"
    },
    {
      "label": "quantum energy transmutation engine",
      "status": "PASS",
      "ok": true,
      "effective_success": true,
      "timed_out": false,
      "started_at_utc": "2026-02-16T01:08:49.397962+00:00",
      "finished_at_utc": "2026-02-16T01:08:49.431191+00:00",
      "duration_sec": 0.033,
      "command": "python3 scripts/quantum_energy_transmutation_engine.py --out docs/quantum-energy-transmutation-report.json"
    },
    {
      "label": "qcit/quantum report validation",
      "status": "PASS",
      "ok": true,
      "effective_success": true,
      "timed_out": false,
      "started_at_utc": "2026-02-16T01:08:49.431213+00:00",
      "finished_at_utc": "2026-02-16T01:08:49.453601+00:00",
      "duration_sec": 0.022,
      "command": "python3 scripts/validate_transmutation_reports.py --qcit docs/qcit-coordination-report.json --quantum docs/quantum-energy-transmutation-report.json"
    },
    {
      "label": "token/credit zip converter",
      "status": "PASS",
      "ok": true,
      "effective_success": true,
      "timed_out": false,
      "started_at_utc": "2026-02-16T01:08:49.453624+00:00",
      "finished_at_utc": "2026-02-16T01:08:49.518625+00:00",
      "duration_sec": 0.065,
      "command": "python3 scripts/trinity_token_credit_zip_converter.py --use-reserve-first --regeneration-multiplier 3.0 --target-reimbursement-ratio 1.0 --zip-snapshot --zip-label token-credit-suite --out docs/token-credit-bank-report.json --ledger docs/token-credit-bank-ledger.jsonl"
    },
    {
      "label": "cache/waste regenerator",
      "status": "PASS",
      "ok": true,
      "effective_success": true,
      "timed_out": false,
      "started_at_utc": "2026-02-16T01:08:49.518656+00:00",
      "finished_at_utc": "2026-02-16T01:08:49.549301+00:00",
      "duration_sec": 0.031,
      "command": "python3 scripts/cache_waste_regenerator.py --out docs/cache-waste-regenerator-report.json --purge --prune-empty-dirs"
    },
    {
      "label": "cache/waste report validation",
      "status": "PASS",
      "ok": true,
      "effective_success": true,
      "timed_out": false,
      "started_at_utc": "2026-02-16T01:08:49.549325+00:00",
      "finished_at_utc": "2026-02-16T01:08:49.572000+00:00",
      "duration_sec": 0.023,
      "command": "python3 scripts/validate_cache_waste_report.py --cache docs/cache-waste-regenerator-report.json"
    },
    {
      "label": "energy bank system",
      "status": "PASS",
      "ok": true,
      "effective_success": true,
      "timed_out": false,
      "started_at_utc": "2026-02-16T01:08:49.572034+00:00",
      "finished_at_utc": "2026-02-16T01:08:49.602306+00:00",
      "duration_sec": 0.03,
      "command": "python3 scripts/trinity_energy_bank_system.py --token-report docs/token-credit-bank-report.json --cache-report docs/cache-waste-regenerator-report.json --reserve-growth 1.0 --reserve-cap-multiplier 10.0 --auto-max-cap --cap-ceiling 100.0 --out docs/energy-bank-report.json --state docs/energy-bank-state.json"
    },
    {
      "label": "token/energy report validation",
      "status": "PASS",
      "ok": true,
      "effective_success": true,
      "timed_out": false,
      "started_at_utc": "2026-02-16T01:08:49.602332+00:00",
      "finished_at_utc": "2026-02-16T01:08:49.626066+00:00",
      "duration_sec": 0.024,
      "command": "python3 scripts/validate_token_energy_reports.py --token docs/token-credit-bank-report.json --energy docs/energy-bank-report.json"
    },
    {
      "label": "gyroscopic hybrid zip converter",
      "status": "PASS",
      "ok": true,
      "effective_success": true,
      "timed_out": false,
      "started_at_utc": "2026-02-16T01:08:49.626089+00:00",
      "finished_at_utc": "2026-02-16T01:08:49.665519+00:00",
      "duration_sec": 0.039,
      "command": "python3 scripts/gyroscopic_hybrid_zip_converter_generator.py --label gyroscopic-suite-cycle --out docs/gyroscopic-hybrid-zip-report.json"
    },
    {
      "label": "zip memory/data snapshot",
      "status": "PASS",
      "ok": true,
      "effective_success": true,
      "timed_out": false,
      "started_at_utc": "2026-02-16T01:08:49.665542+00:00",
      "finished_at_utc": "2026-02-16T01:08:49.703305+00:00",
      "duration_sec": 0.038,
      "command": "python3 scripts/trinity_zip_memory_converter.py archive --label suite-quick"
    },
    {
      "label": "v33 structural OCR validation snapshot",
      "status": "PASS",
      "ok": true,
      "effective_success": true,
      "timed_out": false,
      "started_at_utc": "2026-02-16T01:08:49.703328+00:00",
      "finished_at_utc": "2026-02-16T01:08:49.822788+00:00",
      "duration_sec": 0.119,
      "command": "bash -lc 'strings -n 8 '\"'\"'Beyonder-Real-True Journey v33 (Arielis) (2).pdf'\"'\"' | rg -n '\"'\"'Core Modules|Orchestrator|DID Method|Quantum|Freed|GMUT|Cosmic Bill'\"'\"' | head -n 20'"
    }
  ]
}
