{
  "generated_utc": "2026-02-21T06:25:05Z",
  "files": [
    {
      "path": "scripts/run_trinity_cycle.py",
      "sha256": "a7b5aa45686467a709bc95535a6e92eec4f601ed64f9bcd9d9d953c69cb70b49",
      "bytes": 5331
    },
    {
      "path": "docs/MONDAY_RUNBOOK_v1.md",
      "sha256": "ef28c422ee2bfe47da710e0dc0f3c777655f872646fa211b8fc305889ba84dd8",
      "bytes": 1359
    },
    {
      "path": "docs/LUMEN_ASTER_MERGE_ALIGNMENT_NOTE_v1.md",
      "sha256": "c532dcb9c3da2d80227cf0e209b9dd74c25ca4b96b5dfa75687ba008cb21d9db",
      "bytes": 679
    },
    {
      "path": "docs/BC_PATCH_APPLY_ORDER_v1.md",
      "sha256": "7a0071ba4dd437118584f4c892c9a5b6421bc0b7b3d478427bf27383c465def3",
      "bytes": 151
    },
    {
      "path": "SESSION_LOG_2026-02-21_BC10.md",
      "sha256": "a645d053c6e4f1db90a803e9779e9177d9c6d6f9dc10a8c35c5b5195ed013790",
      "bytes": 241
    }
  ]
}
